path,review_scope,review_depth,bytes,sha256
.gitignore,tooling,full_text,31,82d42fbcd609f60bb12c923c3f76c3cea10c2fcf50164b7800bde51b43d2029d
CODE_OF_CONDUCT.md,tooling,full_text,4471,a76e832f0a04367c56477b9f8f32cc2050fcd31bd98d932123e3cf4155fa90f2
CONTRIBUTING.md,tooling,full_text,1333,823f37665dc916ad0f5f7c2e1ebec515c2a29cf690f993d0a1895219c0606beb
LICENSE.md,tooling,full_text,11359,8c6db340475136df3c1201d458fa5755698eace76e510471ecc9d857d6083dac
README.md,tooling,full_text,1125,d24f4a5edb1e4817522db60d4916402cda35613933ec402541a527cd38a8ac30
okf/.gitignore,okf,full_text,109,9a97b5c723202643a47b8edea9a840d1583c75fe207c0ee277c95a126b05e234
okf/LICENSE.md,okf,identical_to_fully_read_root_license,11359,8c6db340475136df3c1201d458fa5755698eace76e510471ecc9d857d6083dac
okf/README.md,okf,full_text,10325,0f9d0bb1f469e2b20aa6c2f9302545fd68b291a6f1755819430cf462f819cd21
okf/SPEC.md,okf,full_text,37748,26aa5da029278939f914e578107242d9607d4f2dc5fe153272b82f9ed1030101
okf/bundles/acme_retail/attesters/index.md,okf,full_text,136,f0cfe692f3026cad2b123a4240eb762109ed205edd13d937ffa4446ca700af5e
okf/bundles/acme_retail/attesters/sql_equality.py,okf,full_text,3920,79477f129616163080b57fcf0f6824912403e2426aee68cad47fd9cdd0fc9b9b
okf/bundles/acme_retail/computations/gross-margin-period.md,okf,full_text,3307,5e96ae11835ad328ccc94d29ae4bc7cc40176758cbcbad63231d0461c1f8f0e7
okf/bundles/acme_retail/computations/index.md,okf,full_text,232,35a5fd6695d62d793d0f1ec430f11b82f6845e04e950a4df29e98a0771bdc609
okf/bundles/acme_retail/computations/revenue-ytd.md,okf,full_text,2738,d4584e831dff9f6a284b1f9116ca41a16cfc5c26ca377fa6faa46ea0e9b5c5e7
okf/bundles/acme_retail/index.md,okf,full_text,536,02e3207cffe6169ef056b0ff5f0e76311116f5ca7d8b0cc9ab4301dc01a398c1
okf/bundles/acme_retail/log.md,okf,full_text,1070,def518ddaa234f4a6533b9ca530622d39816d1a767de77ae489f43a538354005
okf/bundles/acme_retail/metrics/gross-margin-legacy.md,okf,full_text,1561,138e8f1391ebb7edb4d2911ca43eb358901e1e039922cd8800a83e3ba84db15c
okf/bundles/acme_retail/metrics/gross-margin.md,okf,full_text,2656,912be604fe7f681322b2ba6414b5791e9eb91b73aad1cae7afa666cedfe7d3c9
okf/bundles/acme_retail/metrics/index.md,okf,full_text,304,2c8c23b90486c642b21b5d427cb64275d5804e1634fbfd74a18084844f854959
okf/bundles/acme_retail/metrics/revenue.md,okf,full_text,1866,1b9c033d2c715fa8beecfa0f371fafa1e70f64f1eeeac2a873ef5389389376b2
okf/bundles/acme_retail/policies/index.md,okf,full_text,249,6b99c48d9f8d45e6ec4036cc30c66079f96f82579baee3067b72e52ced818949
okf/bundles/acme_retail/policies/margin-standard.md,okf,full_text,2416,fad81a5eabc286913a4d9436c2d36d31bcfb1494659c4110900ec2569bc6e42c
okf/bundles/acme_retail/policies/revenue-recognition.md,okf,full_text,2340,7660f72336e41c8af22a5910934d4903e502c9e2c1248409249e5dc5393107f3
okf/bundles/acme_retail/skills/index.md,okf,full_text,128,cd753f631320876fcca592823c32f55813419d00b4a14acf807d75aa8a0855fd
okf/bundles/acme_retail/skills/run-on-bq.md,okf,full_text,2592,419ee7a107af4f14c407968f571ce2f387d6ff93756d39126b735e40818b159d
okf/bundles/acme_retail/tables/index.md,okf,full_text,134,f0a8344e59cc7e4e05addd2fc1793fb817369a1f043fd45b59935b08b1c7acb0
okf/bundles/acme_retail/tables/orders.md,okf,full_text,3111,bfeecd29df0033a3fa441e42412ac7c5b64457e2b1b07c214318f91618058476
okf/bundles/acme_retail/viz.html,okf,generated_html_payload_and_source_equivalence,42992,818d375244abab9fc25b7732a87a656ab55746e42cba5f05021cb09b28ebad20
okf/bundles/crypto_bitcoin/datasets/crypto_bitcoin.md,okf,full_text,3148,32a5a8b38a374ad5e0d3070efefe45681a88a9c72cde461ad0bda1adba1cab22
okf/bundles/crypto_bitcoin/datasets/index.md,okf,full_text,193,4f066fd764750316a33d5ddf138b238b8f1fd79f1480a3c8b8cf864d8b00bb42
okf/bundles/crypto_bitcoin/index.md,okf,full_text,551,834b69b238d77263e1822035cfe4183dc78e904d18b1b82ed35555230a6bbaaf
okf/bundles/crypto_bitcoin/references/index.md,okf,full_text,328,2fc2085f9ada40f240214d0c365ac419b8aef37499f79cfe3f722ef602d56cc3
okf/bundles/crypto_bitcoin/references/joins/blocks___transactions.md,okf,full_text,1010,06afd3140a3a4e12cc17a6e26d6748ba3ddade2dcdc2388efb9942d91a5e5b6f
okf/bundles/crypto_bitcoin/references/joins/index.md,okf,full_text,471,368c94e0f22ef4142ab4772dba38ac259a168ae2728ab154476bc5c338bc2f3b
okf/bundles/crypto_bitcoin/references/joins/inputs___transactions.md,okf,full_text,1058,42be03d31ee10b7b8997aacf847d0ce1138741f78e8fa31d7ea88424d88350f6
okf/bundles/crypto_bitcoin/references/joins/outputs___transactions.md,okf,full_text,987,f5c9e5e9f0227c82f30b2e70fc5089201722490ca12f2b8c55930247fe852bff
okf/bundles/crypto_bitcoin/references/metrics/duplicate_transactions.md,okf,full_text,1326,1365084f2855e7b9b49613a310cb562618182691493a60ddb430372401a8f1e4
okf/bundles/crypto_bitcoin/references/metrics/index.md,okf,full_text,171,c76ac125ba35316465c164b44d9597231fdff76d038044273b0c931b616f9229
okf/bundles/crypto_bitcoin/tables/blocks.md,okf,full_text,4564,5c56bf632c099cf41803aa3adf8b18efb93d5a2fcaef9f7d741349fc9eea744c
okf/bundles/crypto_bitcoin/tables/index.md,okf,full_text,525,3a82504f2790e9d2f0dc19738a4f7b323f2c2e0df4c7283e0bd418bdcb62f77e
okf/bundles/crypto_bitcoin/tables/inputs.md,okf,full_text,4770,9a0f2fc801451b78fdd264fba1d3c09f9439d3c8798b09aa2d9b9f974100461e
okf/bundles/crypto_bitcoin/tables/outputs.md,okf,full_text,4570,e1fde5e6d1f5b3a5ddce3a943a561446487761f1bc5eb6583fda4f3286d38cde
okf/bundles/crypto_bitcoin/tables/transactions.md,okf,full_text,7417,425040d0fec3278658eedf24b6afca6ea323fe9a2ebef0ab12a5f3b076855b69
okf/bundles/crypto_bitcoin/viz.html,okf,generated_html_payload_and_source_equivalence,51171,43502cb90993be20bc3174f8ea3fd38c7cd8f095e01026db5a23cdfd81e9aa4a
okf/bundles/ga4/datasets/ga4_obfuscated_sample_ecommerce.md,okf,full_text,2910,a8ae74f4040553b1571d72c96d26653e00702b1c85581176f3ae638a2c90191e
okf/bundles/ga4/datasets/index.md,okf,full_text,214,f1fd3a751ee6dc68a7691ab59c9150848ebdfc6a49a2353dba8e3b8fac09bf9f
okf/bundles/ga4/index.md,okf,full_text,495,d6eed548e707e356ea12bc4d8fb797a0669ba4f570eff8530f32bf56d8867f28
okf/bundles/ga4/references/index.md,okf,full_text,220,085edc6e6ea8998bb1ea0d63e36041196a78e89aa685b7315165f6a1c9ccf817
okf/bundles/ga4/references/metrics/acquired_users.md,okf,full_text,1354,ec75c1a4e685e22ef0a6a1e276d969d5580ddf06323a6c4d9143700b00f4892a
okf/bundles/ga4/references/metrics/frequently_active_users.md,okf,full_text,1889,7472d92619d892cf94cbe1c8ad9bce67bd555c11ec9f7fde7b886f914b907ab2
okf/bundles/ga4/references/metrics/google_acquired_cohorts.md,okf,full_text,1801,8d4065d422184d05a97543c5fb8816b1a2d3e153760cdaf4bfac4559965636c6
okf/bundles/ga4/references/metrics/highly_active_users.md,okf,full_text,1847,99dbb6bbad8a0899b0d98d26894714b358fbb66e3b86af65f23805d5b4e2d8ef
okf/bundles/ga4/references/metrics/index.md,okf,full_text,1020,63dbfb6af5f8fa271af1a9cca602b8294419785708070507d7bb6a7e62973c6f
okf/bundles/ga4/references/metrics/n_day_active_users.md,okf,full_text,1584,12bca0da054455b9e8c6ab6c0b9bee3bf3ed9dd69e9b5acc076c08cbb8c23f97
okf/bundles/ga4/references/metrics/n_day_inactive_users.md,okf,full_text,2329,75c9cbf2d6df62f5125e02f9554bb1eeae926e4b07d1e561f9e4d8f1d4d489c1
okf/bundles/ga4/references/metrics/purchasers.md,okf,full_text,1256,9c7b14b95d950b43cfea890bed46e62cd7f64ce032f2f38e3df627603e927f85
okf/bundles/ga4/tables/events_.md,okf,full_text,10337,d1e0be86c4674a2e6900fede2f3e218e35cfd7f6bc3a1705f732ac57bda74fcb
okf/bundles/ga4/tables/index.md,okf,full_text,147,d04cb9006bfa76d27393d025750eb0b825f75d4f046c408a425504c9f6133e06
okf/bundles/ga4/viz.html,okf,generated_html_payload_and_source_equivalence,46149,272af9460da0ff16ced8c6a94427f5344f333080b3e4061d914c0ffcc5bfb24b
okf/bundles/stackoverflow/datasets/index.md,okf,full_text,240,6c781ffc123b03c772c7c7ec809b95427f74feb1098223ab7b8a184bcfead8fd
okf/bundles/stackoverflow/datasets/stackoverflow.md,okf,full_text,3042,7d4f7c165f49b676543631342a4ab368b7331fc33598ca482a3c57258a20b81c
okf/bundles/stackoverflow/index.md,okf,full_text,576,2666a6f6481d5901d136e56fdaf74d2eeb5a100ed9fc9c3d5fc60bdd1c9a2181
okf/bundles/stackoverflow/references/content_licenses.md,okf,full_text,1492,a4b12b2b3c9e5f87753d6c6917d6878aae6ec9e183ee84f9be30c2ff0436d048
okf/bundles/stackoverflow/references/index.md,okf,full_text,762,3785a4d6110c18c1d0aeab513fd157156d27d4490581db5c0d0c1f4c702d0baa
okf/bundles/stackoverflow/references/joins/comments__posts.md,okf,full_text,1122,c86d71aabc44807d419f61a363ca43a371f74ef53751e7cf77f4ed5da73927d7
okf/bundles/stackoverflow/references/joins/index.md,okf,full_text,447,2c42b998c82eb1068f376968c6453c3d1f2c99c901b6a280e786b68a6d972648
okf/bundles/stackoverflow/references/joins/post_links__posts.md,okf,full_text,1057,845dfdc34faf5e0101901c90c405c38df574ddaeefdf4a42c8f9ce36be64bbf2
okf/bundles/stackoverflow/references/joins/posts__votes.md,okf,full_text,1036,635086a603639d66a583232c5ba87a5a50a5bdce21c46eaf47380cb7ec960ca4
okf/bundles/stackoverflow/references/joins/posts_answers__posts_questions.md,okf,full_text,1168,ce61d16247dae1a1d75ae0aaf45e2f1dd725d70bcbd4d7ea06a6eb9036a336ec
okf/bundles/stackoverflow/references/metrics/accepted_answer_rate.md,okf,full_text,1126,3661b9eb86066ab1c84297341da5439726365a021103839e9b16d1bb23a18b58
okf/bundles/stackoverflow/references/metrics/bad_question_flag_ratio.md,okf,full_text,1234,2f68ae9e83d3df5d110edf1df2139daa5dd4b75b133300e4b86d219be20da3b7
okf/bundles/stackoverflow/references/metrics/index.md,okf,full_text,276,5e540de081637d5bada62b64a1d0631f42d19e00abd8d693bf3b5a17b5835732
okf/bundles/stackoverflow/references/post_types.md,okf,full_text,2512,40bacc9531bdf53683efa36ed02c9440095461ba1b6f47dd8edb6acfa0e564c1
okf/bundles/stackoverflow/references/vote_types.md,okf,full_text,2823,9e7cf32d809c43069d6d56053bc9e3430e1ade1cff9e993768d6a9025700e0b7
okf/bundles/stackoverflow/tables/badges.md,okf,full_text,2427,d45407c130fcdc5c2d3ed359baeee246dc9b479d920669911da0d35221917876
okf/bundles/stackoverflow/tables/comments.md,okf,full_text,2804,946ac8c49c4c9310fc3cd6747aaae6b5c748056d0b293765844c8de9ea0a45ec
okf/bundles/stackoverflow/tables/index.md,okf,full_text,2083,381cc4fa2ea8ff7ba17d7e8529bddfb3c0b086541a5036d9649c9acada5ab6a9
okf/bundles/stackoverflow/tables/post_history.md,okf,full_text,3271,b065a009b4c94d09d5886310f7df6b946b8421674b02fe67bcdd94a156d25355
okf/bundles/stackoverflow/tables/post_links.md,okf,full_text,2127,b1fb23e0d2cc7e8a67bc47cf99ab3b8bc0f8679ee63c78189d72b0c2c56d403e
okf/bundles/stackoverflow/tables/posts_answers.md,okf,full_text,3421,192abedf402582ecbdb5c92206468ef6f05ce36051f697b147a8871ec99bb300
okf/bundles/stackoverflow/tables/posts_moderator_nomination.md,okf,full_text,2169,fae8adfc6ef38eb5c8dfe9382548855c475ba905f66fd5aac833e839d79f2809
okf/bundles/stackoverflow/tables/posts_orphaned_tag_wiki.md,okf,full_text,2678,529f27bc2b4eefbea215a7a430165e9b1ce0d028b37544ef6de100633261cf08
okf/bundles/stackoverflow/tables/posts_privilege_wiki.md,okf,full_text,2964,31d1a5b0aeebe5ac74b9d57931d5dffe576eb71d461189a7ecb84fcd98222681
okf/bundles/stackoverflow/tables/posts_questions.md,okf,full_text,4523,7f15d52f3a8028c87ecc2abd6ed3a6dd62e326649ff7dec6f7e4571cd90ea54b
okf/bundles/stackoverflow/tables/posts_tag_wiki.md,okf,full_text,2933,67d787e2d99b5cb43afbcfe0afd191ec967f368f1342ede741e295180a8271f0
okf/bundles/stackoverflow/tables/posts_tag_wiki_excerpt.md,okf,full_text,2846,d3720dd8cd21518dd20556e92d6c4ebfeb5673583085a91c9f1ec0b40a644cf2
okf/bundles/stackoverflow/tables/posts_wiki_placeholder.md,okf,full_text,3061,f5601223464e96776a24568527dbd65de654d2d0143e3fe8960fa1d6ef507c48
okf/bundles/stackoverflow/tables/stackoverflow_posts.md,okf,full_text,3175,506f93f3304c448d30be5b2d2c12f6a5be97b3589db1a7293698a15b05d7e25b
okf/bundles/stackoverflow/tables/tags.md,okf,full_text,2278,e5c0309cd1eebb0373b16bc9193b5c21102bbf60ed5d656753c63981df22082d
okf/bundles/stackoverflow/tables/users.md,okf,full_text,2552,7be32b491617ac4bfc2935bdf833080a01d5733f63080be4aeb0561c6cf4473c
okf/bundles/stackoverflow/tables/votes.md,okf,full_text,3050,43349d1baa2bc0c015c7c63b8560cabb4b32d44f6acb4110e15b5f53502be46e
okf/bundles/stackoverflow/viz.html,okf,generated_html_payload_and_source_equivalence,94667,d935b758199a0518b6f29946d63b74a24ba53bff2462004800460c651ff5684d
okf/pyproject.toml,okf,full_text,744,5ed424e4a6c75aa7b5a763d6aed3bf0c9b2a1e1c31e51bafa5bb5ab722b59301
okf/samples/crypto_bitcoin/README.md,okf,full_text,2114,a8f11d07ac932df028e888692d20c5d57e60cb383e029fc9156de47e49975cc8
okf/samples/crypto_bitcoin/seeds.txt,okf,full_text,977,7cc2417fbc0a9d2501fa543ae5d3703eb3f8b9668ca2ea526956a92ef59a2eae
okf/samples/ga4_merch_store/README.md,okf,full_text,1505,560f76b93f86b2769bfcc5e03df7992d72597ebd4b8669b1800c57e25c8e9a2b
okf/samples/ga4_merch_store/seeds.txt,okf,full_text,527,002d642d85f7abb8b4cb8a0a98a89da5c389b6bf63d7843c15bf192f7849b5ba
okf/samples/stackoverflow/README.md,okf,full_text,2012,a2c15f82edb42f694eaf0a64ca8257a2e0958fda31d8f0be15d108211144f9f9
okf/samples/stackoverflow/seeds.txt,okf,full_text,1015,431435618702d7da30b183fd05772418f7b2edf392b9ca551acce8dde5d9fe0a
okf/src/reference_agent/__init__.py,okf,full_text,22,91447944015cec709e8aa7655f7e9d64e1e4508e7023a57fe3746911c0fc6fed
okf/src/reference_agent/__main__.py,okf,full_text,94,35a3d32603dfd639b712833efc2b9398c441a973a2229608aa2343c42309862f
okf/src/reference_agent/agent.py,okf,full_text,1500,1db498b5dc87cc61592116bf2fbc9aae9cb6edb4b650384962d22a94d11656cc
okf/src/reference_agent/bundle/__init__.py,okf,full_text,368,8f4bd7a082480d491d9332cdf686939ab947d9b41c8ee94038e806143a1bce89
okf/src/reference_agent/bundle/document.py,okf,full_text,4555,2edb22b6796b242f7cc9135b1722a9966052277b2698477b4545148f53990882
okf/src/reference_agent/bundle/index.py,okf,full_text,3385,5477e9eae46c68c898b6459a36f75e42b777c40c3e5ffc99c4408a226655b111
okf/src/reference_agent/bundle/paths.py,okf,full_text,988,d02ce1f78cd3492e0a4b5d3b334e8f4e41ff679336f12ec54b3fae6630a75f6f
okf/src/reference_agent/bundle/synthesizer.py,okf,full_text,1497,728ab82dd7809a1d69b6ea2c4fd242d448319669097b4bec917c1295d0dcb27e
okf/src/reference_agent/cli.py,okf,full_text,6985,5751b55388a7332070b9e43024cdd69fbd7adda0f3b5b20db220bcb8c987484d
okf/src/reference_agent/prompts/reference_instruction.md,okf,full_text,5262,e3af8b7d180e945d454b3c273146ae2019cea2624ad7c85bb7b702f10e1dc9e7
okf/src/reference_agent/prompts/web_ingestion_instruction.md,okf,full_text,15286,537fe240e12c62c175d4866c4e979f1ebd01c3011d6c181ecaa2737cb661f61b
okf/src/reference_agent/runner.py,okf,full_text,10597,71f7dcf924ff921a7452cb26bf708dcba1d737deddf427f97c0c853cee5a5a48
okf/src/reference_agent/sources/__init__.py,okf,full_text,96,be3ba645a540df46241180adbe6c767309dfea8e516276f165879e0890f32fbc
okf/src/reference_agent/sources/base.py,okf,full_text,904,152fc71bd57daa56756e4930352407ede4ffa5663f49554fe6d51670304071f5
okf/src/reference_agent/sources/bigquery.py,okf,full_text,8122,21a7c1d4b58c668468db1de9177e3f5642ed7a19fa57066bde88baa000ef12a5
okf/src/reference_agent/tools/__init__.py,okf,full_text,0,e3b0c44298fc1c149afbf4c8996fb92427ae41e4649b934ca495991b7852b855
okf/src/reference_agent/tools/bundle_tools.py,okf,full_text,7165,4b60efc8dd9c5e9002eac25aefa645f0d83107330b458d7e6158bf66bafbb9bb
okf/src/reference_agent/tools/context.py,okf,full_text,1999,b4dc24e60a9dbc578d0c17db6d6f9942fd495259b4ab604219c6b3d647c7215b
okf/src/reference_agent/tools/source_tools.py,okf,full_text,2313,626770b01d529561f17404578783c694de7d89d4ca73d7256b943906aad5503f
okf/src/reference_agent/tools/web_tools.py,okf,full_text,3590,81dd93102cf66850e3b255346d3a533499adac53e975b2f38059fb1d81cfa341
okf/src/reference_agent/viewer/__init__.py,okf,full_text,106,22a3312cd82b4cb9b71fcbd79bb322dc91eb25b9509c5c38474ee22e2893692a
okf/src/reference_agent/viewer/generator.py,okf,full_text,6570,0484fa2710fca390c84a806f9bf8b3c618144f7c80a41122e930c31b512e2d89
okf/src/reference_agent/viewer/static/viz.css,okf,full_text,4421,ff78ca68c442aeb84a7a1f023d8a69b82117501131f0670933790a7319344ed0
okf/src/reference_agent/viewer/static/viz.js,okf,full_text,9978,66346171f4a0e1cdee0a1fc4ca085358183e00f4c8491599bb29b7c585ca8133
okf/src/reference_agent/viewer/templates/viz.html,okf,full_text,2131,609142a7f4eb86c84f408e18923c3db1268b1e1741c80a6cb35cbb982d78b785
okf/src/reference_agent/web/__init__.py,okf,full_text,0,e3b0c44298fc1c149afbf4c8996fb92427ae41e4649b934ca495991b7852b855
okf/src/reference_agent/web/fetcher.py,okf,full_text,2766,ef90edbcf96a801a4f7405f726160d068b637deade082a357bb05c285c6f670c
okf/tests/__init__.py,okf,full_text,0,e3b0c44298fc1c149afbf4c8996fb92427ae41e4649b934ca495991b7852b855
okf/tests/test_bigquery_source.py,okf,full_text,6157,ff1c064cf263c7c7cd21841e0012ec29d3ec6f5f922c7c9a799c926b0141e8c9
okf/tests/test_bundle_tools.py,okf,full_text,5574,daa8df66559203eda4f9cb9235529bf73bad2e264f7f9fb294de7931a72b2a74
okf/tests/test_document.py,okf,full_text,3099,535375de0a52f8d95318859f188ffc7f5c8d683f8aac6e514c6d2101a70f901f
okf/tests/test_index.py,okf,full_text,3077,f6cf4d24187a5ff141a927c2ab1a5cb669572840cbd6c7c6674068c08ac8b5ab
okf/tests/test_viewer.py,okf,full_text,6256,1c6106a0e458fe90db9a100785a755eb8ea82453c38c25756228884e36500972
okf/tests/test_web_fetcher.py,okf,full_text,2707,f1a3a3ff5c5d9d69388f2c5c42cd6b701836b377ad538f49fa99a05c212c1786
okf/tests/test_web_tools.py,okf,full_text,3755,28b75d53248ba52d82a91f1f998f6cf3abc3d38201eb97d7d648d0796bdc0644
samples/README.md,tooling,full_text,364,819d58cb19ae84a92fb16bb0ada93a565179de83e3db5189fcc765baeec89f11
samples/discovery/README.md,tooling,full_text,2913,61cdebf2f5c9b1cab254402357e6f83328e198f377b997b3238403c34548ece0
samples/discovery/SKILL.md,tooling,full_text,12315,38937ecc6d9582b9d295dd5915e7cbd32e168d96344b9408c658598cfeb03039
samples/discovery/agent.py,tooling,full_text,1021,9622026bce0a22487e185fbd90c210f1a89261e76e6c0874a98ced5ad7164421
samples/discovery/requirements.txt,tooling,full_text,49,cfd033abaea1e61890fc59f447a6ad872cc5eaf39ff6f699f1f696203b7d8b37
samples/discovery/tools.py,tooling,full_text,2075,7648b1347cd965c83ae3345a923738857b9297dd0174d51029d15858affadf5a
samples/discovery/utils.py,tooling,full_text,514,602bba5687f238d9bd633775ef1d3bcb2f2e22851ac1478e18c820e9e7bb3971
samples/enrichment/.gitignore,tooling,full_text,38,9a3147fa7c60c69ed05896937f8798797b03ee35253ad3720cec16ba2935d003
samples/enrichment/README.md,tooling,full_text,2175,dd13fe8a183295a0ac05c460c670caa253f404ed52e193e1ce1c22442239d4e1
samples/enrichment/sample/config/instructions.md,tooling,full_text,165,8a4423f8ffa268d491d98fd26625ef45aa1a150b8e3c5851fee6755f9926838d
samples/enrichment/sample/config/mcp.json,tooling,full_text,242,240d93eb8fa6be1167fdd8d0581e6524f3584070ce3e1f4af50c64b73bbf0e00
samples/enrichment/sample/config/skills/kb-search/SKILL.md,tooling,full_text,869,007430fe4f73920ce877ce5e4c928376c87982873a2ee333635eed52361db238
samples/enrichment/sample/data/create_data.py,tooling,full_text,1180,a9d5d81e249e530195f03c126406cedd97d0a0e9e20284030319d436f9d9084e
samples/enrichment/sample/docs/events.md,tooling,full_text,930,f418350c2da4efcf7e28b1b677e9688386f1d4250faf7a19b598401f5a6dc705
samples/enrichment/sample/docs/example1.md,tooling,full_text,555,1a9668a925b4ffc2f4f286c10724110d88bbd1c77c80352482b69111b8e7f12c
samples/enrichment/sample/docs/example2.md,tooling,full_text,678,809c51424b45419890b43dfd258aa232c426680f3ac5f60a67e0762aa6dd74ba
samples/enrichment/sample/docs/example3.md,tooling,full_text,573,b8b3f3133df2eaca670b7abd7626d10261521071fb7bbc652abab071f013de60
samples/enrichment/sample/docs/example4.md,tooling,full_text,625,ffa56bd4e91f55463efb991bb1a00da9692ed0e4426abe76d70d5ce766d10892
samples/enrichment/sample/docs/lipsum.md,tooling,full_text,2232,ac3bad8cf2a42609578a2a1c0a9dceba17c40e94aa376e635a3c346d8d1df06a
samples/enrichment/sample/docs/overview.md,tooling,full_text,1267,0a0f47c73f4b02b0ca210243c087ec614675ddd6e2c8a4a775de21e2a97e2d45
samples/enrichment/sample/docs/usage.md,tooling,full_text,1261,0cfe084ccc7192bc15a6526a095a088355c9b5abcc39b5be595a5e8beca9e395
samples/enrichment/src/enrichment/__init__.py,tooling,full_text,0,e3b0c44298fc1c149afbf4c8996fb92427ae41e4649b934ca495991b7852b855
samples/enrichment/src/enrichment/documentation/__init__.py,tooling,full_text,0,e3b0c44298fc1c149afbf4c8996fb92427ae41e4649b934ca495991b7852b855
samples/enrichment/src/enrichment/documentation/agent.md,tooling,full_text,2187,b09ca6cacc78dce8c1aef9345329a64eef0876263632f663b2ffe3c1b6d724a2
samples/enrichment/src/enrichment/documentation/agent.py,tooling,full_text,2610,cfcf6b07e0fa5a4e334afd943c3cbc140483ba7e44a14d72eaeb8c229f8fd27f
samples/enrichment/src/enrichment/documentation/sources.py,tooling,full_text,2919,53c226b97befb4a38543283cc5519b17c93942fe0b792ee7731130bf884017b2
samples/enrichment/src/enrichment/download.py,tooling,full_text,620,5efccb89ffc3c1e923733f97386f45d94ba551ec4c410b493afe264d7ed2abd3
samples/enrichment/src/enrichment/enrich.py,tooling,full_text,2557,1962726d9e61198c198f49c9b6e8fbb193549715ad06d60e7fbf11eab17eec4d
samples/enrichment/src/enrichment/metadata/__init__.py,tooling,full_text,0,e3b0c44298fc1c149afbf4c8996fb92427ae41e4649b934ca495991b7852b855
samples/enrichment/src/enrichment/metadata/catalog.py,tooling,full_text,3391,b7ab782f0852f6093ba91f1e0ad2a314d45756fe3f7bc540b0e20e124f68f4ef
samples/enrichment/src/enrichment/metadata/snapshot.py,tooling,full_text,4022,9b5d41ab803e88ca5846c0dc9340c353ca4e8c4dfea4be2843ea099b2d543944
samples/enrichment/src/enrichment/publish.py,tooling,full_text,585,d8082d0c126db97c7f289a7f258b66ec6d979e37e47a575bb32db4c485a27e09
samples/enrichment/src/enrichment/util/__init__.py,tooling,full_text,0,e3b0c44298fc1c149afbf4c8996fb92427ae41e4649b934ca495991b7852b855
samples/enrichment/src/enrichment/util/markdown.py,tooling,full_text,330,059d35582bdf20d29f0117f9d4d701c42f4388608bc62b342064a2d3c95c87b3
samples/enrichment/src/env.sh,tooling,full_text,633,7bc5147b0c5108035306cb1814a2b5108d3956e84a65128e2e0ea06dfe397c03
samples/enrichment/src/requirements.txt,tooling,full_text,83,8b1d04f91d2bec5c372ff56f7ab54fcbb69df76b2574b93f6fdc0a738d7f2680
samples/enrichment/src/tools/fileskb/README.md,tooling,full_text,774,01f950b666ec105d937f115d11600ada0a33c186c671990d2a705d4cad56f3d3
samples/enrichment/src/tools/fileskb/main.py,tooling,full_text,3418,1e26350cd75496eb753a10fa54241b4b61b5978504a47246d9b8a74551449bed
toolbox/README.md,tooling,full_text,472,921a5111ace7f9e5fe24bee58b964f28a9d9d7be217438726c56f853b413ac43
toolbox/enrichment/.gitignore,tooling,full_text,33,9a8ccefb0f6b29996620d514de966daaba70f2233c26dede0a2780d7acd41987
toolbox/enrichment/README.md,tooling,full_text,4285,2540d0ac7520e04a8bbb7b703784a9eeda74cc0643dbdd2f692b85c065701ed0
toolbox/enrichment/package-lock.json,tooling,generated_lock_full_structural_inspection,394685,161c4fe05118fb32d14b8e753ffbe8e50014d51e458233607a888b19eb221130
toolbox/enrichment/package.json,tooling,full_text,1190,d02b5ceda394e854ffc02d44f4852796ed6f270307580d3c4d17d841dc9f086f
toolbox/enrichment/src/agent/enrich/agent.ts,tooling,full_text,3606,33e02633396a40d9c0f51ec6409f7b9173fee760d7671d24962339d8c5cf33c6
toolbox/enrichment/src/agent/enrich/command.ts,tooling,full_text,4372,418e0ec448592fdd75c61025f4c53f7d69ffea3dd2134d3ff489f545504215b3
toolbox/enrichment/src/agent/main.ts,tooling,full_text,909,2ce0dc29ef1928b52e20cd4fcbf9c53c1dfb0ffc680d43609c82dd162919284d
toolbox/enrichment/src/agent/tools.ts,tooling,full_text,2695,f413730e2359a624a142abde67cfb31c71c080605f6a0edf2e419cbd9eab9b09
toolbox/enrichment/src/agent/utils/patchadk.ts,tooling,full_text,3566,d66ab3e15c219788c59dd39d07ac4a0e265c5e2109a7e0d78a552887c85bad48
toolbox/enrichment/src/agent/utils/patchpb.ts,tooling,full_text,790,4dccbbf7e5b90f0767626fb9bc19b5d340efe754bbb7d0f97f11c803fef2e169
toolbox/enrichment/src/tools/md/fileset.ts,tooling,full_text,3767,bb7507fd8581fdd613da345d9e02349891e7538ee026880709cf6d4c024a85c4
toolbox/enrichment/src/tools/md/main.ts,tooling,full_text,958,fd473c0320b4cffb680e08d0a360d0bc45cf0ddce517250cb7c583ca5d29a003
toolbox/enrichment/src/tools/md/server.ts,tooling,full_text,2175,ea6bb7e2ee19c4b318df3d5227ff66e2043dec960931c432560c049d7c597027
toolbox/enrichment/tsconfig.json,tooling,full_text,488,67238a73ae6a21b1752ebb02edb884cd393ffca668dac5f910aaed0eefff7532
toolbox/mdcode/.gitignore,tooling,full_text,27,8b481545a6d42fc07a3403f8408431e2b6a5674acae9b6f8d0010219852ed369
toolbox/mdcode/README.md,tooling,full_text,8820,c25869affebe61933c40e3be3ce50c3a6cfa2fc8018dc3ba8a3ce0c4c0a0febd
toolbox/mdcode/demo/.gitignore,tooling,full_text,52,6be4aab02f3948675c47c0d40bb21e029557c12ed7d9c5b51d6ec175be5c403c
toolbox/mdcode/demo/README.md,tooling,full_text,8578,0924133d62d913433ab89b12fc811bc6686601ab02e827437a0a2a492f2bd0de
toolbox/mdcode/demo/bq/cleanup.ts,tooling,full_text,449,0a2917662972ca56c6b61955c7bff79674c6784bb78766cc590208efa457e795
toolbox/mdcode/demo/bq/setup.ts,tooling,full_text,1446,fc7c9d2971b053adc883aec0f7b68b3d5bd26f452dcc030d0109f6e25fb9d520
toolbox/mdcode/demo/bq/update.ts,tooling,full_text,465,570acfb1a5710c2ede0eaeb0315325d8d35f185e7fca7febf6913e918f48e34c
toolbox/mdcode/demo/kb/cleanup.ts,tooling,full_text,563,694dc907971992c02bb20c125607e25aaea8b118c03bd4851e6a56fca51b4b83
toolbox/mdcode/demo/kb/setup.ts,tooling,full_text,2557,ab22483fcb27a9090caa6b3e28b0b3f1c0d3e86816b3b1b7fb0501e2547cbeca
toolbox/mdcode/demo/kb/update.ts,tooling,full_text,453,1ece8e629b1f385bb85fe28b4498d8ad9ea255009144011bc9dfbdeb6a9311ee
toolbox/mdcode/demo/okf/catalog/datasets/ga4_obfuscated_sample_ecommerce.md,tooling,full_text,2930,04a6a1807d09e945cc1f8bf1f62a381e2ebd05f83eb9de6da0ff9fbdbef3e210
toolbox/mdcode/demo/okf/catalog/datasets/index.md,tooling,full_text,214,f1fd3a751ee6dc68a7691ab59c9150848ebdfc6a49a2353dba8e3b8fac09bf9f
toolbox/mdcode/demo/okf/catalog/index.md,tooling,full_text,495,d6eed548e707e356ea12bc4d8fb797a0669ba4f570eff8530f32bf56d8867f28
toolbox/mdcode/demo/okf/catalog/references/index.md,tooling,full_text,220,085edc6e6ea8998bb1ea0d63e36041196a78e89aa685b7315165f6a1c9ccf817
toolbox/mdcode/demo/okf/catalog/references/metrics/acquired_users.md,tooling,full_text,1366,6a581500304bd52007cce28849f0d4b5ec1374577b384525ec1d4b7578bdcdae
toolbox/mdcode/demo/okf/catalog/references/metrics/frequently_active_users.md,tooling,full_text,1901,549af3a04c9bcf96fb978e13026d3b2b5e56542e9a224ada08a95094805717ba
toolbox/mdcode/demo/okf/catalog/references/metrics/google_acquired_cohorts.md,tooling,full_text,1813,4d75e5d522339998514d8ed634d400179ad8e6e4d842e6f2502cfca7def85ccb
toolbox/mdcode/demo/okf/catalog/references/metrics/highly_active_users.md,tooling,full_text,1857,65af7a0063e775fb27eab8647389d2e7ada988be9af3687cfff309b695c3e4a9
toolbox/mdcode/demo/okf/catalog/references/metrics/index.md,tooling,full_text,1020,63dbfb6af5f8fa271af1a9cca602b8294419785708070507d7bb6a7e62973c6f
toolbox/mdcode/demo/okf/catalog/references/metrics/n_day_active_users.md,tooling,full_text,1598,fa1a2f5d403d3ec7208331c48ef087d177cc07c6ed7fa8e8129945fdcdd8f5c0
toolbox/mdcode/demo/okf/catalog/references/metrics/n_day_inactive_users.md,tooling,full_text,2341,42e3b05418a90c4570ac94f38fc9c9e39899aa2a1e129a61b97a105eac914ef1
toolbox/mdcode/demo/okf/catalog/references/metrics/purchasers.md,tooling,full_text,1268,999d9b5c5e21c90653d086b7c74e4e76e7958e86f83dfd8901ee200f77ba370f
toolbox/mdcode/demo/okf/catalog/tables/events_.md,tooling,full_text,10361,5c6ce8a35c34a485e92cf8063eb3f2ef92582495a1ed68155d77289a97c53f69
toolbox/mdcode/demo/okf/catalog/tables/index.md,tooling,full_text,147,d04cb9006bfa76d27393d025750eb0b825f75d4f046c408a425504c9f6133e06
toolbox/mdcode/demo/okf/cleanup.ts,tooling,full_text,1945,c65b376cf73c30db73119d57434089e79c98bc0fd450c7a334dbe5853fae0dde
toolbox/mdcode/demo/okf/okf-aspect.json,tooling,full_text,9247,dd3328ce6031b9ac47ff1abc4914901fa101375d81fb1c5cd55c3d52b6655b6d
toolbox/mdcode/demo/okf/okf.ts,tooling,full_text,12263,f745b3594f5bfa0af864bb4ef9d4b8da05fe19000fa21b46632cbdbaa25ad326
toolbox/mdcode/demo/okf/pull.ts,tooling,full_text,1705,0215cd2b8e6619897d7423aa6fd48a9d8b2462d96822dc7801cd26c426cb4c42
toolbox/mdcode/demo/okf/push.ts,tooling,full_text,1799,815cf60261ca360135ddb31e2e40f225404318b752f089e79dea62e1ec8ae266
toolbox/mdcode/demo/okf/setup.ts,tooling,full_text,4934,770191c9d2830665ede5cd32922bff8d2f51220a891e52130a2dcecc5d7d15fc
toolbox/mdcode/docs/concept.md,tooling,full_text,23492,d6123d2cbabe447e9ca6bfbabc9c28179f1c7a7f66102af90ab7485b51d7ed92
toolbox/mdcode/docs/design.md,tooling,full_text,8385,eb6c21f805d55ebcdd6550fef9f31850ab7aed5b0fbfe8874c915a47c1cb9190
toolbox/mdcode/docs/plan.md,tooling,full_text,4013,6176eb6a8a989d00a640c24669862279616ef43785de9705c23edb02c6d40109
toolbox/mdcode/docs/semantic-model.md,semantic,full_text,1113,d3a9919ff2352ef7db2e19be937928eff721f3e2193d2a7d3aec1240864b55ea
toolbox/mdcode/docs/semantic-model/README.md,semantic,full_text,17843,588bcef5c1144c3dccef7be2027cad3b2cdf3480a8d37994814172fe56b01e93
toolbox/mdcode/docs/semantic-model/actions.md,semantic,full_text,10937,c38c3ec8f9ade9011b66e851994ac525a92b1c0c218924f3908c6a62f2733c18
toolbox/mdcode/docs/semantic-model/codelab.md,semantic,full_text,41279,cf6c4f0519e9575b07ee462a66c6ca6f2fc1520904412912490ece5dae9f05fc
toolbox/mdcode/docs/semantic-model/fidelity.md,semantic,full_text,22217,bbb241509e7bc7543409a64cf45af99d92403f8e82b560f5aaadeb5278a47ff3
toolbox/mdcode/docs/semantic-model/inheritance.md,semantic,full_text,12321,c68d20cd4e97941a81411b64723571089ce4b3afce98e0b433440706a2f49e38
toolbox/mdcode/docs/semantic-model/model_spec.md,semantic,full_text,37459,338024cfad77859064e827776dbfde8663771e0d29fb63aaa7f0e5aa7310f9c1
toolbox/mdcode/docs/semantic-model/owl-import.md,semantic,full_text,23350,31533b4daf56cbb2193ef74a7d9c8eebe167d17078e7770895a58279ca6d57b3
toolbox/mdcode/docs/semantic-model/profiles.md,semantic,full_text,19918,d5d35391cc1962caeda36cf7d8134e42b63df75302babbb873882a110dc57cf6
toolbox/mdcode/docs/semantic-model/reference.md,semantic,full_text,28805,6365aa82d248b0867fbcb1169c85a6d5697c8533c0de82b4f3d0b2e81c4c1653
toolbox/mdcode/docs/spec.md,tooling,full_text,7246,24b723c1a942cf471480c1681a195784fdde445ad8734a5c57b12384ff6b8c61
toolbox/mdcode/package-lock.json,tooling,generated_lock_full_structural_inspection,177711,856272365f4ed19add6c03498f8eecad466ab038d14a779b204d199fddca6bb4
toolbox/mdcode/package.json,tooling,full_text,1473,dacf097426de3c9dc58f0bd5b8fea2c94caff30d63ac1f3122ff4ce733b36414
toolbox/mdcode/src/libts/gcp/api.ts,tooling,full_text,3325,c220d0427b40abceca8bbde651046b026e105453bfef52e6bd2bf9070a605dbb
toolbox/mdcode/src/libts/gcp/bigquery.ts,tooling,full_text,4612,b7fb4de6cdbc0a1c98353cfe2cc17c1ca7f5a21448617a2acc60b31a8bc398eb
toolbox/mdcode/src/libts/gcp/context.ts,tooling,full_text,1386,90042aab75842f5bc1ada6b3da2fec78ff8149f5c6143ddb2ba18bf92e8a84c0
toolbox/mdcode/src/libts/gcp/crm.ts,tooling,full_text,1260,047b747448cd243af0c55cbdba5760201eeefc82e0897dc3bd6c22c041751342
toolbox/mdcode/src/libts/gcp/dataplex.ts,tooling,full_text,16928,eded07119657273ab478299fdf2827ff473fb2d2e39a33d725746ed8eb3d573a
toolbox/mdcode/src/libts/gcp/index.ts,tooling,full_text,116,7e088577450e7110df345158b9c25c1b6e928b127a6c24176899a740d523691f
toolbox/mdcode/src/libts/gcp/spanner.ts,tooling,full_text,2009,0b05437c63df7882bca92571512eb1f606d1c8d873e215d7c068b12d2b2d7e22
toolbox/mdcode/src/libts/index.ts,tooling,full_text,191,0c74dace7db5d74c00823bba85feb7cafa5ce2e0e06466ae344d91b59c1411d4
toolbox/mdcode/src/libts/layout.ts,tooling,full_text,1157,45e505582a1e847aff86d187ad3395c704a36ce1fc4651cf623ce892ef6f2596
toolbox/mdcode/src/libts/layouts/documents.ts,tooling,full_text,7775,e440394e006da39fededab20c39b5722dc03197b6e484f8d762c27675c1dd90d
toolbox/mdcode/src/libts/layouts/semantic-model.ts,tooling,full_text,7480,23ea6baa86549f0326566e6bd1b42ed0d8f3085b2e91bd75ed215306059cc107
toolbox/mdcode/src/libts/layouts/standard.ts,tooling,full_text,2741,2ecac0924221ebf09f143afb5474c267dc3b10f5b9687e84864a09d69c6a7edb
toolbox/mdcode/src/libts/manifest.ts,tooling,full_text,6297,9b06e06316c452165ce9d378e8f0b7042bf0b251978e5aea065a29081d770645
toolbox/mdcode/src/libts/metadata.ts,tooling,full_text,499,39de1a1018b1bb2783ba29b9b5aa57ab4048a3ecfae05fa3e457971aa8e01c6a
toolbox/mdcode/src/libts/semantic/bigquery.ts,semantic,full_text,51892,8381911678c8fe00cb8861cd2bdb5523a6d43e4a9d58b36106e6001414f913f0
toolbox/mdcode/src/libts/semantic/converters/owl/convert.ts,semantic,full_text,2489,43d010d5307283e6671041e6ad89776ead991d66659a7f22c8c49e88580f2c57
toolbox/mdcode/src/libts/semantic/converters/owl/model.ts,semantic,full_text,13960,fb82c53783d875139e760ebec09c26c7b97065c0cc9e6b05fdc3c4670ab3812d
toolbox/mdcode/src/libts/semantic/converters/owl/parse.ts,semantic,full_text,29261,7e2e66d073f6f74f726f995474cf21ba82420743ff5126fab279b848dd95e2fc
toolbox/mdcode/src/libts/semantic/converters/owl/to_ir.ts,semantic,full_text,20482,2116e55575011592cfa8e2dc8d49866078886d80f777d50d0bf5ba3c61c43407
toolbox/mdcode/src/libts/semantic/deploy_bigquery.ts,semantic,full_text,11758,26e8080a63f5b65bf4c8a328d98241f178f7ee8260e9b3b24f3cc9c4797ce80f
toolbox/mdcode/src/libts/semantic/deploy_knowledge_catalog.ts,semantic,full_text,37167,eec75a940d0a4a6d9a2b2ff9eeb24d6c62d1e7974c655a5f90734605b7d3380f
toolbox/mdcode/src/libts/semantic/deploy_spanner.ts,semantic,full_text,7568,a3ed58a7cca75f140e83a27da4300b3dae774679f8e1cb6020442eb8bd41bc93
toolbox/mdcode/src/libts/semantic/deployment_target.ts,semantic,full_text,6765,84634dd96ac2bda2242f09638549c8659c740009a822a1675f21e5aebb792a95
toolbox/mdcode/src/libts/semantic/ir.ts,semantic,full_text,19538,bcca40ea9e668f129d0866197f2773ec2e31e02b2330761f833db91d779e1d7b
toolbox/mdcode/src/libts/semantic/kc_actions.ts,semantic,full_text,15209,47555be3769979411ad4c9e2dcaefae30988704cc863d5230c34ed078c7aeeac
toolbox/mdcode/src/libts/semantic/kc_constraints.ts,semantic,full_text,9502,216cabff716e34c3676e7faf90bc12028c304442da81045f8581f77a64b8b310
toolbox/mdcode/src/libts/semantic/kc_converter.ts,semantic,full_text,26573,43ba3ff46437a59767cfd704a3e0d619daec7df6a14caf2f75f6cb122dd38d7b
toolbox/mdcode/src/libts/semantic/kc_custom_types.ts,semantic,full_text,21692,c2ea444006535c423f3c3d2f181da239cf03b7e2575b533238752111f890b864
toolbox/mdcode/src/libts/semantic/knowledge_catalog.ts,semantic,full_text,31973,98f9a6eaae0b3e0ce55b2875de822a8c4638730e361b2be81ef96e8168ca6c8d
toolbox/mdcode/src/libts/semantic/loader.ts,semantic,full_text,52113,56a28d0cb65d18b07fcfeb960ccea4017d0163226b558e6dd8471727b357c41c
toolbox/mdcode/src/libts/semantic/osi_converter.ts,semantic,full_text,21018,a5eb51abd9190accd486f9d13d1f7286c0ba335bfbcd7ca0b42389d8c902fb82
toolbox/mdcode/src/libts/semantic/pull_kc.ts,semantic,full_text,8955,1a237d09db378bbc11658fdd671ee850813970daa51862e283154b82141448bc
toolbox/mdcode/src/libts/semantic/resolve_inheritance.ts,semantic,full_text,8159,979c9d9214a3b79aab5199afbef7ce733972b21289b93eee2e9d0017e196671d
toolbox/mdcode/src/libts/semantic/resolve_profiles.ts,semantic,full_text,17371,e77c19b1d601a167eb0b8b7f04afb4c1c349f45a4b62ab6535c98f88cb43e688
toolbox/mdcode/src/libts/semantic/spanner.ts,semantic,full_text,22189,5d056d255c7b43b88cc8d33f437693f42566c128525f4cbb116c6009739f9201
toolbox/mdcode/src/libts/semantic/sql_expr_utils.ts,semantic,full_text,3299,0ecab388294cbc0293337e1282e2575fa2ca01094a080988f05ea9fe85eacb85
toolbox/mdcode/src/libts/semantic/sql_identifiers.ts,semantic,full_text,4949,adb68c4ff357e7092415544e1b8ed7e24f6bbd1d4d3e6ef96b27f8a44d9ca98d
toolbox/mdcode/src/libts/semantic/transpile.ts,semantic,full_text,15430,90ff4868491851183849ebdd9f72613100aa7b1174c6dd04c57372450347e3ba
toolbox/mdcode/src/libts/semantic/validate.ts,semantic,full_text,17698,a5d3a1e762a46dab69b1d4a68c101dc4f35577832c3c96044fe95848c00cca0c
toolbox/mdcode/src/libts/snapshot.ts,tooling,full_text,11105,3265bf94a2ba6892eb38c8d44d782b929dbf72dfbbf9e8f5fa347172a442225b
toolbox/mdcode/src/libts/source.ts,tooling,full_text,3070,d6bfdb12ad7c17f8fa7aa0db95b773c20b99afb720d88a2a34c76900f3b91ea2
toolbox/mdcode/src/libts/sources/bq-dataset.ts,tooling,full_text,3829,a665efa0547ee4a054219d57ffc606f6129bedd00b313fd865b5859221f06bd3
toolbox/mdcode/src/libts/sources/entrygroup.ts,tooling,full_text,1433,39c5a959956097f5c2391aba6301bf810627a17a086992fc3e3c7f37c2adecd7
toolbox/mdcode/src/libts/sources/kb.ts,tooling,full_text,1396,6d06b60df81086d6bb81f493b36bb082af402776721ad5014b7d1abca62ba1e7
toolbox/mdcode/src/libts/sources/semantic-model.ts,tooling,full_text,1769,2397eaea81397695a2c4757c171b85caeffabd8196c52e537fc41fc1f1faeb42
toolbox/mdcode/src/libts/sync.ts,tooling,full_text,4728,f34defe1db1d26f3054aa659c84c8aeb16cca36fa1cefb0de6c6ccc14b28134b
toolbox/mdcode/src/libts/tsconfig.json,tooling,full_text,404,aded83dfb41a31ef0661ef4b8da0a2529f0bd2dce35c007526a24ec073898fff
toolbox/mdcode/src/tool/commands.ts,tooling,full_text,50295,162b9c45574b5389a6d5621b10568e3f3d87371f0c521bc88b502617365d035e
toolbox/mdcode/src/tool/main.ts,tooling,full_text,5790,bd4b1d376bddec99febaad35b479a8537e280999a8e5e422bfb587713b008adf
toolbox/mdcode/src/tool/mcp.ts,tooling,full_text,2885,dfdcada8b143ddaa97b2034dd0c8057eb18d27eaeacb6b5035103ee4a144f148
toolbox/mdcode/tests/libts/gcp/dataplex.test.ts,tests,full_text,4234,c51866fd0671be9ac31e4152037c87b58d7ea930ffb64b60a2cbdca8544d4bcd
toolbox/mdcode/tests/libts/layouts/standard.test.ts,tests,full_text,2029,8c5b45feaac58dda890350d40e419de7f2ab1e9a442771d982dff8ec846a8e39
toolbox/mdcode/tests/libts/mocks.ts,tests,full_text,8175,bc8d7435a1b25874c154580b6fb9ba3cc62db2c2e3a0fdf0465fdc5f857cda00
toolbox/mdcode/tests/libts/scenarios.ts,tests,full_text,10390,99629deda79dde061445ac9d1fcdc4398556c8b86653516acfa9cee96b1b6ace
toolbox/mdcode/tests/libts/semantic/action_guards.test.ts,tests,full_text,14163,c46e0c642aed9532d73cb78c4df06348c9cf3a3c1763dbe3953052c35828a887
toolbox/mdcode/tests/libts/semantic/actions.test.ts,tests,full_text,16093,6f268e641a25a634e163cc84f6db61d26b0e6212b738311a0b58177003f49738
toolbox/mdcode/tests/libts/semantic/bigquery.e2e.test.ts,tests,full_text,24724,fc21d209ee0c1b1fc2208ae0eaf705f9e3d0665d6a581ade86b2fe22052b43b7
toolbox/mdcode/tests/libts/semantic/bigquery.test.ts,tests,full_text,39365,272d30b8c8cd781b07eec4359f2fb82e4430fe86c40fef6e6fa40c07598ade7b
toolbox/mdcode/tests/libts/semantic/constraints.test.ts,tests,full_text,18916,c7673ca7caf5a315b1e9da4fb3102c63005a923e8eec881994c710c4eeebafd5
toolbox/mdcode/tests/libts/semantic/deploy_bigquery.test.ts,tests,full_text,22986,a67406e568266a1b0fa934b1a4e94615d546053ce548a2c5a005dde51184aaf1
toolbox/mdcode/tests/libts/semantic/deploy_knowledge_catalog.test.ts,tests,full_text,31320,f08ddea7633c9fc2e216c640e5c7e35c1267d61904093072fb1f052d6a23c598
toolbox/mdcode/tests/libts/semantic/deploy_spanner.test.ts,tests,full_text,8713,665c54eccc76c1b943c92e01c974142c1b5b6339f86136eccbeae382af935c7c
toolbox/mdcode/tests/libts/semantic/fixtures/actions_executors.yaml,tests,full_text,2240,946db952cc927dac1b738a0e9962586bd2884b43997709410c38fe5cfd823719
toolbox/mdcode/tests/libts/semantic/fixtures/actions_place_order.knowledge_catalog.golden.json,tests,full_text,10183,2a1718e751903987f97e8dbbb9174852be78f39570dbec9b573083891ae821ab
toolbox/mdcode/tests/libts/semantic/fixtures/actions_place_order.osi.golden.yaml,tests,full_text,2981,9e95c984959e38e3ecf797c73e00f24cd3d53292429a52e0d73ffd6c808ccc58
toolbox/mdcode/tests/libts/semantic/fixtures/actions_place_order.pull.golden.yaml,tests,full_text,2398,03fb98c3acc33ede5f697353f3af3415284d43d160b4e33f841c6d18ec81c846
toolbox/mdcode/tests/libts/semantic/fixtures/actions_place_order.yaml,tests,full_text,4483,14eddd0ece8fe5168cc6e91427febae52f274c52d90527fff310ac8c8f881872
toolbox/mdcode/tests/libts/semantic/fixtures/hierarchy_graph.bigquery.golden.sql,tests,full_text,2043,ea8ccc8cb7341de118916b4d9b01e2f647ba03f12e37209f82bd834a0925da05
toolbox/mdcode/tests/libts/semantic/fixtures/hierarchy_graph.spanner.golden.sql,tests,full_text,1469,2253688234440187c2986b6e83486b18e5c55c884ad45a9724023bad7d8a82f2
toolbox/mdcode/tests/libts/semantic/fixtures/hierarchy_graph.yaml,tests,full_text,3776,fb4f08c07888faccf5079d4b3c96bfaf33ca3dc21177de9b206c9c3eb808eecb
toolbox/mdcode/tests/libts/semantic/fixtures/keyless_dimension.bigquery.golden.sql,tests,full_text,475,87fe1cd83a3a931abbda9b0c788eae96731fd4212c8184c7c3ffbb25c61aaeb2
toolbox/mdcode/tests/libts/semantic/fixtures/keyless_dimension.yaml,tests,full_text,1258,d688bd76e139231ab74beb73524ec003f9d77725852790c8e2e59f3ebd2adacd
toolbox/mdcode/tests/libts/semantic/fixtures/lineitem_databricks_ext.yaml,tests,full_text,1989,9f1300460e6d187525afa99685ddc19daae2b9070399f1e018346c60cfbc4bff
toolbox/mdcode/tests/libts/semantic/fixtures/measure_lowering.bigquery.golden.sql,tests,full_text,688,2d3f343705727b4a10c298926588eb538b55bb1cb26c791bda0b12fe7e3c5633
toolbox/mdcode/tests/libts/semantic/fixtures/measure_lowering.yaml,tests,full_text,2511,ec0b3c108cdffea1162498019f732656f619cfc07285cfecb61b602380b82653
toolbox/mdcode/tests/libts/semantic/fixtures/metric_skips.bigquery.golden.sql,tests,full_text,1176,efce5937667426ed4352237d6d86bcdea80d9412c6645f9b9f60bea4e37b50b8
toolbox/mdcode/tests/libts/semantic/fixtures/metric_skips.yaml,tests,full_text,2292,8637c06d1709d8771b0f94c55f468f86de6919e18040fa6ca0a7c9c120b8b2e5
toolbox/mdcode/tests/libts/semantic/fixtures/ossie/README.md,tests,full_text,1048,e2e07bd487353c30dc8c8ba68eb6dc8e0e6e2a2129334121909a2a68300fed4a
toolbox/mdcode/tests/libts/semantic/fixtures/ossie/osi-schema.json,tests,full_text,10934,8ce9f82aa92080265f9ae119e31cda5bef062f489674d3c467245c2d4c5ff264
toolbox/mdcode/tests/libts/semantic/fixtures/ossie/tpcds_semantic_model.yaml,tests,full_text,19169,438372de9b8ca0f074aed72806f92ac9b84047851a0385423f004748efe5a316
toolbox/mdcode/tests/libts/semantic/fixtures/owl/carriage.osi.golden.yaml,tests,full_text,729,6e53b35b8e0a92ff0059caa71eda5b489f9f71fe86d52fd87b14a86577d5a82f
toolbox/mdcode/tests/libts/semantic/fixtures/owl/carriage.owl.ttl,tests,full_text,5738,959b5debfa11512bc4388de9aac2c3c569ea3a5845fb092180ed6f11467be26e
toolbox/mdcode/tests/libts/semantic/fixtures/owl/hierarchy.osi.golden.yaml,tests,full_text,947,e50d32901c4493c4670cd5884764e7bbe66366d686ee08f3c7501c2fd956a8a0
toolbox/mdcode/tests/libts/semantic/fixtures/owl/hierarchy.owl.ttl,tests,full_text,3040,a955b36b2456e4c67fb6ff3a4e3cfe0abd62faaae5cb2bdabba079c3d25546b1
toolbox/mdcode/tests/libts/semantic/fixtures/owl/org.osi.golden.yaml,tests,full_text,2337,61e81abfefbf818f94b1f1877fb4887a6449da697b2bbc3e3815777bfd1516a3
toolbox/mdcode/tests/libts/semantic/fixtures/owl/org.owl.ttl,tests,full_text,4476,48a0da0bc478ac37ba3abee920b778cbab8ed53079a17c70ba761b444061f7cd
toolbox/mdcode/tests/libts/semantic/fixtures/owl/sales-advanced.osi.golden.yaml,tests,full_text,1819,715cc9783241ddd2625487c0f7fb59b18771c26b269eb60a1bdb134b390d661d
toolbox/mdcode/tests/libts/semantic/fixtures/owl/sales-advanced.owl.ttl,tests,full_text,4121,9989aa4dfb21e5b9f96dd5fe4cac943b5f53903c7a92e81f11d8bf1f42f99974
toolbox/mdcode/tests/libts/semantic/fixtures/owl/sales.osi.golden.yaml,tests,full_text,1712,2df05f1d9cc6164a0611cd16e240647fe024505f0dd7692cee3620c45b4023d3
toolbox/mdcode/tests/libts/semantic/fixtures/owl/sales.owl.ttl,tests,full_text,3087,64bb461f6c1faf31667be21392f2fec89998cd57e6d3f3b65eec153c19b9dfe5
toolbox/mdcode/tests/libts/semantic/fixtures/profiles/partial_binding.prod.bigquery.golden.sql,tests,full_text,801,9be501fa85776d4a1002f8b75ad7e8b55c9a35813c14f73504b39466c9b82c5f
toolbox/mdcode/tests/libts/semantic/fixtures/profiles/partial_binding.prod.yaml,tests,full_text,1068,91bc15121d4d5f43bdf86e5c2766c6a6e225d586354a2414cb072f84e35f755d
toolbox/mdcode/tests/libts/semantic/fixtures/profiles/partial_binding.remap.bigquery.golden.sql,tests,full_text,801,fe62630791ea279afbe4b06c4cddd22a8d64d67d758893e185d21a362cfef743
toolbox/mdcode/tests/libts/semantic/fixtures/profiles/partial_binding.remap.yaml,tests,full_text,1111,00b46fe8c0f57ae2b749c0fd7feb39ac0c61db6efa9d32eec821d6c1389939d6
toolbox/mdcode/tests/libts/semantic/fixtures/profiles/partial_binding.yaml,tests,full_text,1960,86565e9ced7cf54addbdb80e319cc89f561bf161bc57e0cc4b21bd51ac1a851f
toolbox/mdcode/tests/libts/semantic/fixtures/profiles/profile_binding.analytical.bigquery.golden.sql,tests,full_text,799,b125cd367881d1b257b77b3de28806c5fe045c57aa7e330c79dae3abdc22a162
toolbox/mdcode/tests/libts/semantic/fixtures/profiles/profile_binding.analytical.yaml,tests,full_text,1067,38149eac1d914e3a02d221dac97ca66604fe19a0112e5ddc132ce158e05ff529
toolbox/mdcode/tests/libts/semantic/fixtures/profiles/profile_binding.operational.bigquery.golden.sql,tests,full_text,814,addb3becfc0498b552ff25a90b77927fc8a29163d43f6156374fc39f50ade94d
toolbox/mdcode/tests/libts/semantic/fixtures/profiles/profile_binding.operational.yaml,tests,full_text,1252,f598e3d291b1988b85f59eebf5895a46eae0164a81c639a763f5bc08e4eb43c6
toolbox/mdcode/tests/libts/semantic/fixtures/profiles/profile_binding.yaml,tests,full_text,1140,aa8161028d2f3e8a42954cdea1b5e0e69b2773db4c1462a8268f018adf12dbfe
toolbox/mdcode/tests/libts/semantic/fixtures/reserved_words.bigquery.golden.sql,tests,full_text,559,9f56279d31cefd2188d6c2a344258f7e2c321003e696d91d15add32818d83427
toolbox/mdcode/tests/libts/semantic/fixtures/reserved_words.spanner.golden.sql,tests,full_text,568,f7da37a97dff51e6688d306505eb576b4c028c04b3b7a08d765085b498467bad
toolbox/mdcode/tests/libts/semantic/fixtures/reserved_words.yaml,tests,full_text,1568,213abe36c7ad1cdbb52787f6b7063b2fd30d65a98af87c8d03bbe1caba5ed502
toolbox/mdcode/tests/libts/semantic/fixtures/reserved_words_inherit.bigquery.golden.sql,tests,full_text,494,e3eeb3ee5980d2c1b2351bfc37508f3d4211d732ef793f3c9c47e6464a635894
toolbox/mdcode/tests/libts/semantic/fixtures/reserved_words_inherit.spanner.golden.sql,tests,full_text,452,8e0d94d580cf9c36bdb6c99eee5f766a37e8a20edbadfaea05e6a9b65af597f5
toolbox/mdcode/tests/libts/semantic/fixtures/reserved_words_inherit.yaml,tests,full_text,1355,29b97d9b6166269a40b46b307810e3bfcc369c9ef4c931fd3241bd11bda44aa0
toolbox/mdcode/tests/libts/semantic/fixtures/sales_bad_target.yaml,tests,full_text,1133,ab23f71f6714102629be1d8888dbfaebf6577f0f9c672cf4fc7fbab5e8ae4132
toolbox/mdcode/tests/libts/semantic/fixtures/sales_bq_graph_target.knowledge_catalog.golden.json,tests,full_text,2714,90dba123b174e92e2d8ade076f1321c5beb1cdfaeffb915ecc139da7ef644927
toolbox/mdcode/tests/libts/semantic/fixtures/sales_bq_graph_target.osi.golden.yaml,tests,full_text,769,498d10882752972b5e005d2c8882d01dafbdc4355e0b017742c1211722e748fb
toolbox/mdcode/tests/libts/semantic/fixtures/sales_bq_graph_target.pull.golden.yaml,tests,full_text,468,5fae103b9101ca0412618a5708970b33f3b03baffcac8a10b0f3498d54afc111
toolbox/mdcode/tests/libts/semantic/fixtures/sales_bq_graph_target.yaml,tests,full_text,1124,8be6886265a41c6bdf1088d780809ac7d62ea7dc7703e9e2f49233db8536fd77
toolbox/mdcode/tests/libts/semantic/fixtures/sales_fanout.bigquery.golden.sql,tests,full_text,999,b56fcb381c9f14dd1f32a01089597e6b00ef0d90529a9789fde2f221912a3c42
toolbox/mdcode/tests/libts/semantic/fixtures/sales_fanout.spanner.golden.sql,tests,full_text,991,faf6dfdea360893deb1ec7350aa9cb0caf042f9303fd676e84255ae8ddf63151
toolbox/mdcode/tests/libts/semantic/fixtures/sales_fanout.yaml,tests,full_text,2169,83f5f31800d6151565748cc0fc7ef96ec6ea324c1063793f778a19745d21d82c
toolbox/mdcode/tests/libts/semantic/fixtures/sales_google_ext.yaml,tests,full_text,1917,4584b5c96cb2fccaa6aa684ac450b200d833bdd9dd599695c8e9b3d7c68135e6
toolbox/mdcode/tests/libts/semantic/fixtures/sales_no_target.yaml,tests,full_text,568,84b19e9c0401f645818ad89ad03ef95b9e479d5617ec00bb04c3f5ab5b311a16
toolbox/mdcode/tests/libts/semantic/fixtures/sales_spanner_graph_target.yaml,tests,full_text,1293,0567ee235e5c1f5897bf68b868ffcf037c4497e4fdd433866e8a961f1618a162
toolbox/mdcode/tests/libts/semantic/fixtures/sales_unqualified_source.yaml,tests,full_text,1137,7a3b285f131e5dc0a932731b24817e565f3045f6b876e092afb2aa340d367bbf
toolbox/mdcode/tests/libts/semantic/fixtures/school_manytomany.bigquery.golden.sql,tests,full_text,665,0aa8aa037f019a2a43cfabfa1ca73d0706604f581c7e9a33a8014c1fbaf49d52
toolbox/mdcode/tests/libts/semantic/fixtures/school_manytomany.spanner.golden.sql,tests,full_text,469,d03062cca1de0f739c21c6a9a6f363831626c9c4c2d03e3d80411b2ee5317eda
toolbox/mdcode/tests/libts/semantic/fixtures/star_orders_customer.bigquery.golden.sql,tests,full_text,1187,6453f5d5c6f185de42156571cc81beee016a3546e772d9893a7ab7ce55507a48
toolbox/mdcode/tests/libts/semantic/fixtures/star_orders_customer.knowledge_catalog.golden.json,tests,full_text,7256,696d8381ea184e8ce502a4512bc5ad27065b6f6d6a25c7e245697fed6cbc5da4
toolbox/mdcode/tests/libts/semantic/fixtures/star_orders_customer.osi.golden.yaml,tests,full_text,2417,dfd3fd706231d3a2bea1e24d2944c491600b27b97fd9600e07ee416cb5f3cb0a
toolbox/mdcode/tests/libts/semantic/fixtures/star_orders_customer.pull.golden.yaml,tests,full_text,1381,5d929acc7ed0bd895c915696b8315562781aa2d64f0e4abb603f1a7ea847953b
toolbox/mdcode/tests/libts/semantic/fixtures/star_orders_customer.spanner.golden.sql,tests,full_text,924,6fd64b4587396fddb3eaa4e12b800ebf1e4277f77345b9b4ea9132f788c26841
toolbox/mdcode/tests/libts/semantic/fixtures/star_orders_customer.yaml,tests,full_text,2661,c7eecb53b060f34692984916ae86bd30b4f7097b952020572f05daf25459c1ae
toolbox/mdcode/tests/libts/semantic/fixtures/tpcds_date_edge.bigquery.golden.sql,tests,full_text,2776,cf91a7c0d4611def52f530f431288945afeb7c8300af14e1adef7b6fb0ed9b58
toolbox/mdcode/tests/libts/semantic/fixtures/tpcds_date_edge.knowledge_catalog.golden.json,tests,full_text,16181,57ca33dca350c5f49d80338a18cc99ed4ea602066153f47a8e1bd487c526bcf5
toolbox/mdcode/tests/libts/semantic/fixtures/tpcds_date_edge.osi.golden.yaml,tests,full_text,6921,dc0a5e6689b5c26b6a2c3209d004b6f93cc32390c040302cff270513972ff6cb
toolbox/mdcode/tests/libts/semantic/fixtures/tpcds_date_edge.pull.golden.yaml,tests,full_text,3333,a9cdc70a9d7952c948643c19f2f786ca84c7345c6bdf9b47c066055b81406f56
toolbox/mdcode/tests/libts/semantic/fixtures/tpcds_date_edge.yaml,tests,full_text,7631,5b2421314cc95e0875840ea9027e9faeec57b82c2045ad75dcbcdb94351070cc
toolbox/mdcode/tests/libts/semantic/fixtures/tpcds_retail.bigquery.golden.sql,tests,full_text,6542,a5b1f1d2832cfe2c0f94eb73818b323c37bda64508a7cccda668d2faed32eeca
toolbox/mdcode/tests/libts/semantic/fixtures/tpcds_retail.yaml,tests,full_text,16951,4313f2b99deb0cfb0522638817f47950b1dc327e330b52556bd9b7eba5c13abf
toolbox/mdcode/tests/libts/semantic/fixtures/vendor_dialects.bigquery.golden.sql,tests,full_text,3391,f34617f49aebe1137a3953060cd907afa7a0231b6d8e3741a1443342b8d3d1d2
toolbox/mdcode/tests/libts/semantic/fixtures/vendor_dialects.bigquery.transpiled.golden.sql,tests,full_text,2551,157f74ebb41ccc4416fbe396c33f832c9d2de384c72c8b73cb1d54902f650a03
toolbox/mdcode/tests/libts/semantic/fixtures/vendor_dialects.yaml,tests,full_text,3980,6914301e2a2e806a56e6daa435c53aecfd7a5486911dbccf42fc4fc315d5a592
toolbox/mdcode/tests/libts/semantic/kc_converter.test.ts,tests,full_text,37423,1a44b24aadd063ac8a81e7a31d05ac70265c6d5b4e808915a7e5910f00510475
toolbox/mdcode/tests/libts/semantic/knowledge_catalog.e2e.test.ts,tests,full_text,3723,84bd9b91b959bf97f47ba24c2609d74ae946cf09f2f14629887005b7c3844ab6
toolbox/mdcode/tests/libts/semantic/knowledge_catalog.test.ts,tests,full_text,27977,03ebd73d2e47cf65e509b898bb5242f6c12d86dabc9cf3f479a146161538081c
toolbox/mdcode/tests/libts/semantic/load_semantic_models.test.ts,tests,full_text,3259,5a43c7f1166da9fcc64e08321b75821503c219abe292f6ae6e130157d010f90e
toolbox/mdcode/tests/libts/semantic/loader.test.ts,tests,full_text,49918,8191273331d207b0d0485f7ae2e36c2660b286140ac7fe6b6a74a549bb9f6a86
toolbox/mdcode/tests/libts/semantic/osi_converter.test.ts,tests,full_text,14645,844d47a6c0febd7e9b0c05d3ade3629f330e824016f4cadf1c3e5b34154077b7
toolbox/mdcode/tests/libts/semantic/osi_schema.test.ts,tests,full_text,11700,6f122ad74ab0fdd738b2497f5699aab9dc39d245f56863cb0fd03f13f6cdf66c
toolbox/mdcode/tests/libts/semantic/owl_converter.test.ts,tests,full_text,46846,b76103a371e42af46a1f699de09bd853fb7bf67472bdbd494de8a7c62b0e06e1
toolbox/mdcode/tests/libts/semantic/pull_kc.test.ts,tests,full_text,13503,b127938589b87c8b4b2d2d70b7a273734bbb220d1a8616eb021f214a42d576ff
toolbox/mdcode/tests/libts/semantic/push_plan.test.ts,tests,full_text,5678,0597dc7a3b572aed64baefc5b564f7d2fcf89870688521e959a9dbc59e4b58bb
toolbox/mdcode/tests/libts/semantic/resolve_inheritance.test.ts,tests,full_text,8176,9208ba0c186647295e567efc61b7fe3954c0604a07fbc229c15500ede003cb5b
toolbox/mdcode/tests/libts/semantic/resolve_profiles.test.ts,tests,full_text,13719,137f1d38c519020f6b9f1f528581b77768ff694142ea4497b57040d7aada3fa5
toolbox/mdcode/tests/libts/semantic/semantic_model_layout.test.ts,tests,full_text,4969,2ed83a87ec17c6fe0ddfc61851fd5a7084cc0f50e268d79f26db5994b277f323
toolbox/mdcode/tests/libts/semantic/semantic_model_scope.test.ts,tests,full_text,4039,c9e7373d12f6ac7e1255457ecb4a52637aec524d5d3bd1824ecf13297bfadf5c
toolbox/mdcode/tests/libts/semantic/spanner.e2e.test.ts,tests,full_text,4991,75ccba05d6062b92be9fac25c7df01e987729e4da634876c40cd9ea248ce8e38
toolbox/mdcode/tests/libts/semantic/spanner.test.ts,tests,full_text,14033,446477570c2e7407c517b3c3eb3a72fb743c819ba54c778fd7c6a4eec291e2b6
toolbox/mdcode/tests/libts/semantic/sql_identifiers.test.ts,tests,full_text,4301,3ed2f71de6bca46474fc25a9ca0df3d87428ad88155e7a6f7595dd561b840e11
toolbox/mdcode/tests/libts/semantic/transpile.e2e.test.ts,tests,full_text,2853,a10b1e6eb5a5a09b37df81793ebaa524afd7ac6d55277753c416cbf60d74c67d
toolbox/mdcode/tests/libts/semantic/transpile.polyglot.test.ts,tests,full_text,5352,85f604efcb0027949554542721f36e2151de930e6d8fdfc7302141ef20709ceb
toolbox/mdcode/tests/libts/semantic/transpile.test.ts,tests,full_text,13232,b109caa4de0e40fc05bdaefcca0e98c788fe39226af030140534ad245cba00b0
toolbox/mdcode/tests/libts/semantic/validate.test.ts,tests,full_text,9710,2e01b2ba26d9712691d11695d81b39a56d895b43c4c50dcf2a545fb6314b57ad
toolbox/mdcode/tests/scenarios/create_entry_hierarchy.yaml,tests,full_text,565,150d94cc9bb73720554d43532e4d25e16c179ebf96d22c9914c5ef73a92ab7a6
toolbox/mdcode/tests/scenarios/init_bqds.yaml,tests,full_text,415,4e7a152fd1f675212a18e1b5e13479b0ad1ca8a0ca04f20b5ec4ba9f0ed0af04
toolbox/mdcode/tests/scenarios/init_eg.yaml,tests,full_text,361,23a5585ecbfe0afe9ec3d11f56634e8dcd42205c860d08377d90485a558f5147
toolbox/mdcode/tests/scenarios/init_kb.yaml,tests,full_text,324,12655da757efd04e9c22ece58cd2aba17e974ccb60b5b8c9241b4cab19f0f868
toolbox/mdcode/tests/scenarios/manifest_simple.yaml,tests,full_text,308,0e9ae2d94025c0934a010f73b61afde67279c2c3fd1c8410ddce419d35975f98
toolbox/mdcode/tests/scenarios/manifest_snapshot.yaml,tests,full_text,732,76104c77396a72d046f3f6f006acf79af18ae48525d58b6afdce96fe7c933794
toolbox/mdcode/tests/scenarios/pull_basic.yaml,tests,full_text,583,dca5d9a7eeab0f2956d3df8ba0dbde8c51f955ae9123636f4e92ac0ce27d20bb
toolbox/mdcode/tests/scenarios/pull_bq.yaml,tests,full_text,1276,97ff259cb8b8fc1c3e4059672aa7f642a2be96e8ad5545e4a793520876da3d6d
toolbox/mdcode/tests/scenarios/pull_bq_filtered.yaml,tests,full_text,1708,dd6d75020c2f1dc283be4d17c8bfd86ab3931bed1cbfb704488026d5bc99d886
toolbox/mdcode/tests/scenarios/pull_bq_multiple.yaml,tests,full_text,2243,d5107ac21b62c282ccf29c001193ba38805ba85ceb5b9a47726b24297a3b8089
toolbox/mdcode/tests/scenarios/pull_kb.yaml,tests,full_text,1655,07dae67f50cb452b1f88d098485be63eb1a8872689285145c7624511f810d372
toolbox/mdcode/tests/scenarios/pull_multi.yaml,tests,full_text,1123,394d5a6e493eb5e09d70a00dca3d93628f2b61fafb7c19dd0911691c84180d42
toolbox/mdcode/tests/scenarios/pull_parent_entry.yaml,tests,full_text,943,16c7925e8400ab896aed6011e0630f4bf7a6b6860e39e365df9c7a805db67171
toolbox/mdcode/tests/scenarios/pull_parent_ingested.yaml,tests,full_text,883,fee8ea025fc8018b642216552ed6f47107ba415bc592a8d7a4542a60dd78f3db
toolbox/mdcode/tests/scenarios/push_bq.yaml,tests,full_text,1990,170d82031ec00109295312b0f6fd073de36291dab63bdeba53e7b96f24ae9489
toolbox/mdcode/tests/scenarios/push_custom.yaml,tests,full_text,1239,d7ab8050b465b37928e7b462770f714f2ab8e7e25258637c3c3b661752babfdf
toolbox/mdcode/tests/scenarios/push_filtered.yaml,tests,full_text,3291,bdc4059ee7ba5d5a9ac0ea0636ef53387f2f56109552fee2ec65a14842d739ae
toolbox/mdcode/tests/scenarios/push_kb.yaml,tests,full_text,2073,dd1c91cc8de0e2e47cce9f10875f97a9295aef4b36b9ccf76aec8058beb54b9e
toolbox/mdcode/tests/scenarios/push_new_entry.yaml,tests,full_text,1451,4eca541d37f286165716611c5f1047dd9c440088c747be612dfc917537178fb3
toolbox/mdcode/tests/scenarios/push_validate_only_create.yaml,tests,full_text,1515,ad0c6a557fefa9342b3aa49369b3dfbccf28f65e71816b990ae41cb63baac862
toolbox/mdcode/tests/scenarios/push_validate_only_update.yaml,tests,full_text,1562,012f6e5d68842aac9fbe863280934ebcb0462cead7b0b9ae2ef4e3654f1597cf
toolbox/mdcode/tests/tool/init_semantic_model.test.ts,tests,full_text,12135,b82129c0bc55c666698bcdeb90e08c001a8e67d07e07ea368ce91baa6f2bb9ae
toolbox/mdcode/tests/tool/profiles.test.ts,tests,full_text,6392,9d6359f3d06a7e67f9a3e676156c66cd01628b904596a00dfa33b67db91f7c2b
toolbox/mdcode/tsconfig.json,tooling,full_text,443,0c160fe9f83a2157e3ad7baf3808ac41d980e293f6e0ad5565af4f3e420d3537
